<application>
  <component name="MavenWrapperMapping">
    <option name="mapping">
      <map>
        <entry key="https://repo.maven.apache.org/maven2/org/apache/maven/apache-maven/3.6.0/apache-maven-3.6.0-bin.zip" value="$USER_HOME$/.m2/wrapper/dists/apache-maven-3.6.0-bin/2dakv70gp803gtm5ve1ufmvttn/apache-maven-3.6.0" />
        <entry key="https://repo.maven.apache.org/maven2/org/apache/maven/apache-maven/3.6.2/apache-maven-3.6.2-bin.zip" value="$USER_HOME$/.m2/wrapper/dists/apache-maven-3.6.2-bin/795eh28tki48bv3l67maojf0ra/apache-maven-3.6.2" />
        <entry key="https://repo.maven.apache.org/maven2/org/apache/maven/apache-maven/3.8.1/apache-maven-3.8.1-bin.zip" value="$USER_HOME$/.m2/wrapper/dists/apache-maven-3.8.1-bin/2l5mhf2pq2clrde7f7qp1rdt5m/apache-maven-3.8.1" />
        <entry key="https://repo.maven.apache.org/maven2/org/apache/maven/apache-maven/3.8.2/apache-maven-3.8.2-bin.zip" value="$USER_HOME$/.m2/wrapper/dists/apache-maven-3.8.2-bin/1um3pu5poco57pibs3g92d6vrf/apache-maven-3.8.2" />
        <entry key="https://repo.maven.apache.org/maven2/org/apache/maven/apache-maven/3.8.4/apache-maven-3.8.4-bin.zip" value="$USER_HOME$/.m2/wrapper/dists/apache-maven-3.8.4-bin/52ccbt68d252mdldqsfsn03jlf/apache-maven-3.8.4" />
        <entry key="https://repo.maven.apache.org/maven2/org/apache/maven/apache-maven/3.9.4/apache-maven-3.9.4-bin.zip" value="$USER_HOME$/.m2/wrapper/dists/apache-maven-3.9.4-bin/2vqnav6ufo1qvo5j2um40861m/apache-maven-3.9.4" />
      </map>
    </option>
  </component>
</application>