<keymap version="1" name="macOS copy" parent="Mac OS X 10.5+">
  <action id="ActivateCommitToolWindow" />
  <action id="ActivateTerminalToolWindow">
    <keyboard-shortcut first-keystroke="alt f12" />
    <keyboard-shortcut first-keystroke="ctrl meta alt t" />
    <keyboard-shortcut first-keystroke="ctrl t" />
  </action>
  <action id="ActivateVersionControlToolWindow" />
  <action id="CloseProject">
    <keyboard-shortcut first-keystroke="meta alt x" second-keystroke="x" />
    <keyboard-shortcut first-keystroke="ctrl alt x" />
    <keyboard-shortcut first-keystroke="meta alt x" />
  </action>
  <action id="EditorSelectWord">
    <keyboard-shortcut first-keystroke="alt up" />
    <keyboard-shortcut first-keystroke="alt k" />
  </action>
  <action id="GotoChangedFile">
    <keyboard-shortcut first-keystroke="meta o" />
  </action>
  <action id="GotoClass" />
  <action id="JupyterNotebookMoveCellUpCommandModeAction">
    <keyboard-shortcut first-keystroke="alt up" />
  </action>
  <action id="RecentProjectListGroup">
    <keyboard-shortcut first-keystroke="shift meta p" />
  </action>
  <action id="Refactorings.QuickListPopupAction" />
  <action id="ReplaceInPath" />
  <action id="RunAnything">
    <keyboard-shortcut first-keystroke="shift meta r" />
  </action>
  <action id="ServiceView.GroupByContributor" />
  <action id="UsageGrouping.UsageType" />
  <action id="Vcs.Show.Local.Changes">
    <keyboard-shortcut first-keystroke="meta 0" />
  </action>
  <action id="Vcs.Show.Log">
    <keyboard-shortcut first-keystroke="meta 9" />
  </action>
  <action id="VimPluginToggle">
    <keyboard-shortcut first-keystroke="shift ctrl meta alt v" />
  </action>
  <action id="XPathView.Actions.Evaluate" />
  <action id="XPathView.Actions.FindByExpression" />
  <action id="XPathView.Actions.ShowPath" />
</keymap>