<application>
  <component name="LocalDatabaseDriverManager" version="201">
    <driver id="mariadb" dialect="MySQL">
      <artifact id="MariaDB Connector J" name="MariaDB Connector J" use="true" version="3.0.7" />
    </driver>
    <driver id="mysql.8">
      <artifact />
      <artifact id="MySQL ConnectorJ" name="MySQL ConnectorJ" use="true" version="8.0.25" />
    </driver>
    <driver id="mysql_aurora">
      <artifact id="MariaDB Connector J" name="MariaDB Connector J" channel="MariaDB_2.X" rolling="true" use="true" version="2.7.3" />
    </driver>
    <driver id="postgresql">
      <artifact id="PostgreSQL" name="PostgreSQL" use="true" version="42.5.0" />
    </driver>
  </component>
</application>