<application>
  <component name="FileTypeManager" version="18">
    <extensionMap>
      <mapping pattern="filtered2" type="AUTO_DETECTED" />
      <mapping pattern="git-commit" type="AUTO_DETECTED" />
      <mapping ext="deploy" type="AUTO_DETECTED" />
      <mapping pattern="Dockerfile.deploy" type="Dockerfile" />
      <mapping ext="cache" type="Dockerfile" />
      <mapping ext="build" type="Dockerfile" />
      <mapping ext="nib" type="PLAIN_TEXT" />
      <mapping ext="plist" type="PLAIN_TEXT" />
      <mapping ext="sdef" type="XML" />
      <removed_mapping ext="apk" approved="true" type="ARCHIVE" />
      <removed_mapping ext="config" approved="true" type="XML" />
      <removed_mapping ext="dockerignore" approved="true" type="DockerIgnore file" />
      <removed_mapping ext="ignore" approved="true" type="IgnoreLang file" />
      <removed_mapping ext="lua" approved="true" type="TOML" />
      <removed_mapping ext="md" approved="true" type="XML" />
      <removed_mapping ext="pdf" approved="true" type="Native" />
      <removed_mapping ext="permissionset" approved="true" type="XML" />
      <removed_mapping ext="profile" approved="true" type="XML" />
      <removed_mapping ext="psd" approved="true" type="Image" />
      <mapping pattern="intranet.log" type="Log" />
    </extensionMap>
  </component>
</application>