<application>
  <component name="FindSettings">
    <option name="customScope" value="All Places" />
    <option name="defaultScopeName" value="All Places" />
    <option name="SEARCH_SCOPE" value="All Places" />
    <mask>*.css</mask>
    <mask>*.properties</mask>
    <mask>*.jsp</mask>
    <mask>*.kt</mask>
    <mask>*.java</mask>
    <mask>*.html</mask>
    <mask>*.xml</mask>
    <mask>*.go</mask>
    <mask>*ml</mask>
    <mask>tide.yaml</mask>
    <mask>tide.*</mask>
    <mask>*.</mask>
    <mask>*.yaml</mask>
    <mask>*jsp</mask>
    <mask />
    <mask>*yaml</mask>
  </component>
</application>