<application>
  <component name="ProjectManager">
    <defaultProject>
      <component name="ProjectView">
        <navigator proportions="" version="1" />
        <panes />
      </component>
      <component name="ProjectViewState">
        <option name="hideEmptyMiddlePackages" value="true" />
        <option name="showLibraryContents" value="true" />
        <option name="sortByType" value="true" />
        <option name="sortKey" value="BY_TYPE" />
      </component>
      <component name="PropertiesComponent">{
  &quot;keyToString&quot;: {
    &quot;go.import.settings.migrated&quot;: &quot;true&quot;,
    &quot;settings.editor.selected.configurable&quot;: &quot;ssh.settings&quot;
  }
}</component>
      <component name="WindowStateProjectService">
        <state x="405" y="214" key="SettingsEditor" timestamp="1689130111048">
          <screen x="0" y="25" width="1792" height="1095" />
        </state>
        <state x="405" y="214" key="SettingsEditor/0.25.1792.1095" timestamp="1689130111048" />
      </component>
      <component name="masterDetails">
        <states>
          <state key="ProjectJDKs.UI">
            <settings>
              <last-edited>1.8</last-edited>
              <splitter-proportions>
                <option name="proportions">
                  <list>
                    <option value="0.2" />
                  </list>
                </option>
              </splitter-proportions>
            </settings>
          </state>
        </states>
      </component>
    </defaultProject>
  </component>
</application>