<application>
  <component name="SshConfigs">
    <configs>
      <sshConfig authType="PASSWORD" host="deployment-control-1.psi.tyrocorp.net" id="526b28ef-d20c-4b75-9add-99a0824dbfef" port="22" customName="vte18 psi" nameFormat="CUSTOM" username="deploy" useOpenSSHConfig="true">
        <option name="customName" value="vte18 psi" />
      </sshConfig>
      <sshConfig authType="PASSWORD" host="deployment-control-1.certify.tyrocorp.net" id="c275aca9-3ed1-4152-b037-abea928f4b88" port="22" customName="vte16 certify" nameFormat="CUSTOM" username="deploy" useOpenSSHConfig="true">
        <option name="customName" value="vte16 certify" />
      </sshConfig>
    </configs>
  </component>
</application>