<application>
  <component name="DependencyUISettings">
    <option name="UI_FLATTEN_PACKAGES" value="false" />
    <option name="UI_SHOW_MODULES" value="false" />
  </component>
  <component name="UISettings">
    <option name="compactTreeIndents" value="true" />
    <option name="CONSOLE_CYCLE_BUFFER_SIZE_KB" value="25600" />
    <option name="FULL_PATHS_IN_TITLE_BAR" value="true" />
    <option name="OPEN_IN_PREVIEW_TAB_IF_POSSIBLE" value="true" />
    <option name="OVERRIDE_CONSOLE_CYCLE_BUFFER_SIZE" value="true" />
    <option name="SHOW_EDITOR_TOOLTIP" value="false" />
  </component>
</application>