<filetype binary="false" description="IcApexDoc custom Velocity template" name="IcApexDoc custom Velocity template">
  <highlighting>
    <options>
      <option name="LINE_COMMENT" value="##" />
      <option name="COMMENT_START" value="#*" />
      <option name="COMMENT_END" value="*#" />
      <option name="HAS_BRACES" value="true" />
      <option name="HAS_BRACKETS" value="true" />
      <option name="HAS_PARENS" value="true" />
      <option name="HAS_STRING_ESCAPES" value="true" />
    </options>
    <keywords keywords="a;abbr;acronym;address;applet;area;article;aside;audio;b;base;basefont;bb;bdo;big;blockquote;body;br;button;canvas;caption;center;cite;code;col;colgroup;command;datagrid;datalist;dd;del;details;dfn;dialog;dir;div;dl;dt;em;embed;eventsource;fieldset;figcaption;figure;font;footer;form;frame;frameset;h1;h2;h3;h4;head;header;hgroup;hr;html;i;iframe;img;input;ins;isindex;kbd;keygen;label;legend;li;link;map;mark;menu;meta;meter;nav;noframes;noscript;object;ol;optgroup;option;output;p;param;pre;progress;q;rp;rt;ruby;s;samp;script;section;select;small;source;span;strike;strong;style;sub;sup;table;tbody;td;textarea;tfoot;th;thead;time;title;tr;track;tt;u;ul;var;video;wbr" ignore_case="false">
      <keyword name="&amp;Alpha;" />
      <keyword name="&amp;Beta;" />
      <keyword name="&amp;Chi;" />
      <keyword name="&amp;Dagger;" />
      <keyword name="&amp;Delta;" />
      <keyword name="&amp;Epsilon;" />
      <keyword name="&amp;Eta;" />
      <keyword name="&amp;Gamma;" />
      <keyword name="&amp;Iota;" />
      <keyword name="&amp;Kappa;" />
      <keyword name="&amp;Lambda;" />
      <keyword name="&amp;Mu;" />
      <keyword name="&amp;Nu;" />
      <keyword name="&amp;OElig;" />
      <keyword name="&amp;Omega;" />
      <keyword name="&amp;Omicron;" />
      <keyword name="&amp;Phi;" />
      <keyword name="&amp;Pi;" />
      <keyword name="&amp;Prime;" />
      <keyword name="&amp;Psi;" />
      <keyword name="&amp;Rho;" />
      <keyword name="&amp;Scaron;" />
      <keyword name="&amp;Sigma;" />
      <keyword name="&amp;Tau;" />
      <keyword name="&amp;Theta;" />
      <keyword name="&amp;Upsilon;" />
      <keyword name="&amp;Xi;" />
      <keyword name="&amp;Yuml;" />
      <keyword name="&amp;Zeta;" />
      <keyword name="&amp;acute;" />
      <keyword name="&amp;alpha;" />
      <keyword name="&amp;amp;" />
      <keyword name="&amp;and;" />
      <keyword name="&amp;ang;" />
      <keyword name="&amp;asymp;" />
      <keyword name="&amp;bdquo;" />
      <keyword name="&amp;beta;" />
      <keyword name="&amp;brvbar;" />
      <keyword name="&amp;bull;" />
      <keyword name="&amp;cap;" />
      <keyword name="&amp;cedil;" />
      <keyword name="&amp;cent;" />
      <keyword name="&amp;chi;" />
      <keyword name="&amp;circ;" />
      <keyword name="&amp;clubs;" />
      <keyword name="&amp;cong;" />
      <keyword name="&amp;copy;" />
      <keyword name="&amp;crarr;" />
      <keyword name="&amp;cup;" />
      <keyword name="&amp;curren;" />
      <keyword name="&amp;dagger;" />
      <keyword name="&amp;darr;" />
      <keyword name="&amp;deg;" />
      <keyword name="&amp;delta;" />
      <keyword name="&amp;diams;" />
      <keyword name="&amp;divide;" />
      <keyword name="&amp;empty;" />
      <keyword name="&amp;emsp;" />
      <keyword name="&amp;ensp;" />
      <keyword name="&amp;epsilon;" />
      <keyword name="&amp;equiv;" />
      <keyword name="&amp;eta;" />
      <keyword name="&amp;euro;" />
      <keyword name="&amp;exist;" />
      <keyword name="&amp;fnof;" />
      <keyword name="&amp;forall;" />
      <keyword name="&amp;frac12;" />
      <keyword name="&amp;frac14;" />
      <keyword name="&amp;frac34;" />
      <keyword name="&amp;gamma;" />
      <keyword name="&amp;ge;" />
      <keyword name="&amp;gt;" />
      <keyword name="&amp;harr;" />
      <keyword name="&amp;hearts;" />
      <keyword name="&amp;hellip;" />
      <keyword name="&amp;iexcl;" />
      <keyword name="&amp;infin;" />
      <keyword name="&amp;int;" />
      <keyword name="&amp;iota;" />
      <keyword name="&amp;iquest;" />
      <keyword name="&amp;isin;" />
      <keyword name="&amp;kappa;" />
      <keyword name="&amp;lambda;" />
      <keyword name="&amp;laquo;" />
      <keyword name="&amp;larr;" />
      <keyword name="&amp;lceil;" />
      <keyword name="&amp;ldquo;" />
      <keyword name="&amp;le;" />
      <keyword name="&amp;lfloor;" />
      <keyword name="&amp;lowast;" />
      <keyword name="&amp;loz;" />
      <keyword name="&amp;lrm;" />
      <keyword name="&amp;lsaquo;" />
      <keyword name="&amp;lsquo;" />
      <keyword name="&amp;lt;" />
      <keyword name="&amp;macr;" />
      <keyword name="&amp;mdash;" />
      <keyword name="&amp;micro;" />
      <keyword name="&amp;minus;" />
      <keyword name="&amp;mu;" />
      <keyword name="&amp;nabla;" />
      <keyword name="&amp;nbsp;" />
      <keyword name="&amp;ndash;" />
      <keyword name="&amp;ne;" />
      <keyword name="&amp;ni;" />
      <keyword name="&amp;not;" />
      <keyword name="&amp;notin;" />
      <keyword name="&amp;nsub;" />
      <keyword name="&amp;nu;" />
      <keyword name="&amp;oelig;" />
      <keyword name="&amp;oline;" />
      <keyword name="&amp;omega;" />
      <keyword name="&amp;omicron;" />
      <keyword name="&amp;oplus;" />
      <keyword name="&amp;or;" />
      <keyword name="&amp;ordf;" />
      <keyword name="&amp;ordm;" />
      <keyword name="&amp;otimes;" />
      <keyword name="&amp;para;" />
      <keyword name="&amp;part;" />
      <keyword name="&amp;permil;" />
      <keyword name="&amp;perp;" />
      <keyword name="&amp;phi;" />
      <keyword name="&amp;pi;" />
      <keyword name="&amp;piv;" />
      <keyword name="&amp;plusmn;" />
      <keyword name="&amp;pound;" />
      <keyword name="&amp;prime;" />
      <keyword name="&amp;prod;" />
      <keyword name="&amp;prop;" />
      <keyword name="&amp;psi;" />
      <keyword name="&amp;radic;" />
      <keyword name="&amp;raquo;" />
      <keyword name="&amp;rarr;" />
      <keyword name="&amp;rceil;" />
      <keyword name="&amp;rdquo;" />
      <keyword name="&amp;reg;" />
      <keyword name="&amp;rfloor;" />
      <keyword name="&amp;rho;" />
      <keyword name="&amp;rlm;" />
      <keyword name="&amp;rsaquo;" />
      <keyword name="&amp;rsquo;" />
      <keyword name="&amp;sbquo;" />
      <keyword name="&amp;scaron;" />
      <keyword name="&amp;sdot;" />
      <keyword name="&amp;sect;" />
      <keyword name="&amp;shy;" />
      <keyword name="&amp;sigma;" />
      <keyword name="&amp;sigmaf;" />
      <keyword name="&amp;sim;" />
      <keyword name="&amp;spades;" />
      <keyword name="&amp;sub;" />
      <keyword name="&amp;sube;" />
      <keyword name="&amp;sum;" />
      <keyword name="&amp;sup1;" />
      <keyword name="&amp;sup2;" />
      <keyword name="&amp;sup3;" />
      <keyword name="&amp;sup;" />
      <keyword name="&amp;supe;" />
      <keyword name="&amp;tau;" />
      <keyword name="&amp;there4;" />
      <keyword name="&amp;theta;" />
      <keyword name="&amp;thetasym;" />
      <keyword name="&amp;thinsp;" />
      <keyword name="&amp;tilde;" />
      <keyword name="&amp;times;" />
      <keyword name="&amp;trade;" />
      <keyword name="&amp;uarr;" />
      <keyword name="&amp;uml;" />
      <keyword name="&amp;upsih;" />
      <keyword name="&amp;upsilon;" />
      <keyword name="&amp;xi;" />
      <keyword name="&amp;yen;" />
      <keyword name="&amp;zeta;" />
      <keyword name="&amp;zwj;" />
      <keyword name="&amp;zwnj;" />
    </keywords>
    <keywords2 keywords="accept;accept-charset;accesskey;action;align;alt;async;autocomplete;autofocus;autoplay;bgcolor;border;charset;checked;cite;class;cols;colspan;content;contenteditable;controls;coords;data;datetime;default;defer;dir;dirname;disabled;download;draggable;dropzone;enctype;for;form;formaction;headers;height;hidden;high;href;hreflang;http-equiv;id;ismap;kind;label;lang;list;loop;low;max;maxlength;media;method;min;multiple;muted;name;novalidate;onblur;oncopy;oncut;onkeypress;onmousedown;onscroll;optimum;pattern;placeholder;readonly;rel;required;reversed;rows;rowspan;selected;size;spellcheck;srclang;start;step;style;tabindex;target;title;translate;type;value;wrap" />
    <keywords3 keywords="#break;#define;#else;#elseif;#end;#evaluate;#foreach;#if;#include;#macro;#parse;#set;#stop;in" />
    <keywords4 keywords="$CollectionUtil;$StringUtil;$StringUtils;$anchorMember;$context;$declarationType;$declarationTypeAndMemberWrappers;$foreach;$memberWrapper;$memberWrappers;$relatedIndexPage;$title;$topLevelDeclarationWrapper" />
  </highlighting>
</filetype>