<filetype binary="false" description="CSS files (improved syntax highlighting)" name="IlluminatedCloudCSS">
  <highlighting>
    <options>
      <option name="LINE_COMMENT" value="" />
      <option name="COMMENT_START" value="/*" />
      <option name="COMMENT_END" value="*/" />
      <option name="HEX_PREFIX" value="#" />
      <option name="NUM_POSTFIXES" value="px,ex,px,cm,mm,in,pt,pc,ch,rem,vh,vw,vmin,vmax,%" />
      <option name="HAS_BRACES" value="true" />
      <option name="HAS_BRACKETS" value="true" />
      <option name="HAS_PARENS" value="true" />
      <option name="HAS_STRING_ESCAPES" value="true" />
    </options>
    <keywords keywords="azimuth;background;background-attachment;background-color;background-image;background-position;background-repeat;border;border-bottom;border-bottom-color;border-bottom-style;border-bottom-width;border-collapse;border-color;border-left;border-left-color;border-left-style;border-left-width;border-right;border-right-color;border-right-style;border-right-width;border-spacing;border-style;border-top;border-top-color;border-top-style;border-top-width;border-width;bottom;caption-side;clear;clip;color;content;counter-increment;counter-reset;cue;cue-after;cue-before;cursor;direction;display;elevation;empty-cells;float;font;font-family;font-size;font-style;font-variant;font-weight;height;left;letter-spacing;line-height;list-style;list-style-image;list-style-position;list-style-type;margin;margin-bottom;margin-left;margin-right;margin-top;max-height;max-width;min-height;min-width;orphans;outline;outline-color;outline-style;outline-width;overflow;padding;padding-bottom;padding-left;padding-right;padding-top;page-break-after;page-break-before;page-break-inside;pause;pause-after;pause-before;pitch;pitch-range;play-during;position;quotes;richness;right;speak;speak-header;speak-numeral;speak-punctuation;speech-rate;stress;table-layout;text-align;text-decoration;text-indent;text-transform;top;unicode-bidi;vertical-align;visibility;voice-family;volume;white-space;widows;width;word-spacing;z-index" ignore_case="false" />
    <keywords2 keywords="active;after;before;checked;class;disabled;empty;enabled;first-child;first-letter;first-line;first-of-type;focus;hover;in-range;invalid;lang;last-child;last-of-type;link;not;nth-child;nth-last-child;nth-last-of-type;nth-of-type;only-child;only-of-type;optional;out-of-range;read-only;read-write;required;root;selection;target;valid;visited" />
    <keywords3 keywords="above;absolute;aliceblue;always;and;antiquewhite;aqua;aquamarine;armenian;attr;auto;avoid;azure;baseline;behind;beige;below;bidi-override;bisque;black;blanchedalmond;blink;block;blue;blueviolet;bold;bolder;both;bottom;brown;burlywood;cadetblue;capitalize;caption;center;center-left;center-right;chartreuse;chocolate;circle;close-quote;code;collapse;continuous;coral;cornflowerblue;cornsilk;crimson;crop;cross;crosshair;cyan;darkblue;darkcyan;darkgoldenrod;darkgray;darkgreen;darkgrey;darkkhaki;darkmagenta;darkolivegreen;darkorange;darkorchid;darkred;darksalmon;darkseagreen;darkslateblue;darkslategray;darkslategrey;darkturquoise;darkviolet;dashed;decimal;decimal-leading-zero;deeppink;deepskyblue;default;digits;dimgray;dimgrey;disc;dodgerblue;dotted;double;e-resize;embed;far-left;far-right;fast;faster;firebrick;fixed;floralwhite;forestgreen;fuchsia;gainsboro;georgian;ghostwhite;gold;goldenrod;gray;green;greenyellow;grey;groove;help;hidden;hide;high;higher;honeydew;hotpink;icon;important;indianredÂ ;indigoÂ ;inherit;inline;inline-block;inline-table;inset;inside;invert;italic;ivory;justify;khaki;landscape;lavender;lavenderblush;lawngreen;left;left-side;leftwards;lemonchiffon;level;lightblue;lightcoral;lightcyan;lighter;lightgoldenrodyellow;lightgray;lightgreen;lightgrey;lightpink;lightsalmon;lightseagreen;lightskyblue;lightslategray;lightslategrey;lightsteelblue;lightyellow;lime;limegreen;line-through;linen;list-item;loud;low;lower;lower-alpha;lower-greek;lower-latin;lower-roman;lowercase;ltr;magenta;maroon;medium;mediumaquamarine;mediumblue;mediumorchid;mediumpurple;mediumseagreen;mediumslateblue;mediumspringgreen;mediumturquoise;mediumvioletred;menu;message-box;middle;midnightblue;mintcream;mistyrose;mix;moccasin;move;n-resize;navajowhite;navy;ne-resize;no-close-quote;no-open-quote;no-repeat;none;normal;nowrap;nw-resize;oblique;oldlace;olive;olivedrab;once;open-quote;orange;orangered;orchid;outset;outside;overline;palegoldenrod;palegreen;paleturquoise;palevioletred;papayawhip;peachpuff;peru;pink;plum;pointer;portrait;powderblue;pre;pre-line;pre-wrap;progress;purple;rebeccapurple;red;relative;repeat;repeat-x;repeat-y;ridge;right;right-side;rightwards;rosybrown;royalblue;rtl;s-resize;saddlebrown;salmon;sandybrown;scroll;se-resize;seagreen;seashell;separate;show;sienna;silent;silver;skyblue;slateblue;slategray;slategrey;slow;slower;small-caps;small-caption;snow;soft;solid;spell-out;springgreen;square;static;status-bar;steelblue;string;sub;super;sw-resize;table;table-caption;table-cell;table-column;table-column-group;table-footer-group;table-header-group;table-row;table-row-group;tan;teal;text;text-bottom;text-top;thick;thin;thistle;tomato;top;transparent;turquoise;underline;upper-alpha;upper-latin;upper-roman;uppercase;url;use;violet;visible;w-resize;wait;wheat;white;whitesmoke;x-fast;x-high;x-loud;x-low;x-slow;x-soft;yellow;yellowgreen" />
    <keywords4 keywords="a;abbr;acronym;address;applet;area;article;aside;audio;b;base;basefont;bdi;bdo;big;blockquote;body;br;button;canvas;caption;center;cite;code;col;colgroup;datalist;dd;del;details;dfn;dialog;dir;div;dl;dt;em;embed;fieldset;figcaption;figure;font;footer;form;frame;frameset;h1;h2;h3;h4;h5;h6;head;header;hr;html;i;iframe;img;input;ins;kbd;keygen;label;legend;li;link;main;map;mark;menu;menuitem;meta;meter;nav;noframes;noscript;object;ol;optgroup;option;output;p;param;pre;progress;q;rp;rt;ruby;s;samp;script;section;select;small;source;span;strike;strong;style;sub;summary;sup;table;tbody;td;textarea;tfoot;th;thead;time;title;tr;track;tt;u;ul;var;video;wbr" />
  </highlighting>
</filetype>